[
  {
    "id": "d72518e97c3f4a68979153f2b8e9308e",
    "name": "Torres, Rowland and Peters Warehouse",
    "parent_godown": null
  },
  {
    "id": "a6565c19ccbb4bb8a2a04130a14988db",
    "name": "Western Center House",
    "parent_godown": "d72518e97c3f4a68979153f2b8e9308e"
  },
  {
    "id": "4ce59062eadd4d4ca5e105f30a9f7256",
    "name": "Sector 60",
    "parent_godown": "a6565c19ccbb4bb8a2a04130a14988db"
  },
  {
    "id": "e06d51d013ab47d791d90f0ea097cc66",
    "name": "Sector 77",
    "parent_godown": "a6565c19ccbb4bb8a2a04130a14988db"
  },
  {
    "id": "7579aa5649484332ab86c0b52f2b3222",
    "name": "Western Stockpile House",
    "parent_godown": "d72518e97c3f4a68979153f2b8e9308e"
  },
  {
    "id": "2d129e1979bc456380d878f8c47fe66b",
    "name": "Sector 59",
    "parent_godown": "7579aa5649484332ab86c0b52f2b3222"
  },
  {
    "id": "01707d239a6b40f08d250d4530893437",
    "name": "Sector 11",
    "parent_godown": "7579aa5649484332ab86c0b52f2b3222"
  },
  {
    "id": "8887264e574149158faa17eb28cc53db",
    "name": "Sector 36",
    "parent_godown": "7579aa5649484332ab86c0b52f2b3222"
  },
  {
    "id": "c02f1afa1fc34084b0c455169d236853",
    "name": "Northern Center House",
    "parent_godown": "d72518e97c3f4a68979153f2b8e9308e"
  },
  {
    "id": "bddc0aca02ac4798b152ecbf360220c7",
    "name": "Sector 98",
    "parent_godown": "c02f1afa1fc34084b0c455169d236853"
  },
  {
    "id": "8d1805f606904aaebc2bbcee8f78ce09",
    "name": "Sector 75",
    "parent_godown": "c02f1afa1fc34084b0c455169d236853"
  },
  {
    "id": "025cc28ebb804967b56b946a41942f86",
    "name": "Walls, Leblanc and Williams Warehouse",
    "parent_godown": null
  },
  {
    "id": "e984be8cf74740568d4a706500b4ed8d",
    "name": "Northern Center House",
    "parent_godown": "025cc28ebb804967b56b946a41942f86"
  },
  {
    "id": "cfb1f6e8b67c48609b427a422dc06a38",
    "name": "Sector 57",
    "parent_godown": "e984be8cf74740568d4a706500b4ed8d"
  },
  {
    "id": "f37e12cc6bbf437aba6672628f54efa5",
    "name": "Sector 53",
    "parent_godown": "e984be8cf74740568d4a706500b4ed8d"
  },
  {
    "id": "b3f0e83bb8ee4e308d759c95e2c3507d",
    "name": "Sector 90",
    "parent_godown": "e984be8cf74740568d4a706500b4ed8d"
  },
  {
    "id": "fb66049cf3d24aed8c49b1681bf175f1",
    "name": "Central Depot House",
    "parent_godown": "025cc28ebb804967b56b946a41942f86"
  },
  {
    "id": "de1dc9fc06ea485f93c794f9ba3a8c60",
    "name": "Sector 85",
    "parent_godown": "fb66049cf3d24aed8c49b1681bf175f1"
  },
  {
    "id": "df1aa790e4cc4d46bc2f110b37920fb4",
    "name": "Sector 71",
    "parent_godown": "fb66049cf3d24aed8c49b1681bf175f1"
  },
  {
    "id": "2f029fea4e2441b39e37ec01b934d4bc",
    "name": "Western Distribution House",
    "parent_godown": "025cc28ebb804967b56b946a41942f86"
  },
  {
    "id": "f39e5bfcfda445e5a548f655007f586e",
    "name": "Sector 67",
    "parent_godown": "2f029fea4e2441b39e37ec01b934d4bc"
  },
  {
    "id": "24708269c8c34b2dbde5573891abf5a5",
    "name": "Sector 36",
    "parent_godown": "2f029fea4e2441b39e37ec01b934d4bc"
  },
  {
    "id": "30056a4ef78e43f184481c570e226398",
    "name": "Sector 66",
    "parent_godown": "2f029fea4e2441b39e37ec01b934d4bc"
  },
  {
    "id": "86c058a215cb448b961af2faccd48c05",
    "name": "Watts and Sons Warehouse",
    "parent_godown": null
  },
  {
    "id": "5c053bb429144393b99ee146a9ea615b",
    "name": "Northern Storage House",
    "parent_godown": "86c058a215cb448b961af2faccd48c05"
  },
  {
    "id": "252b5d97ec044dfe8fcad7c9323a3dbb",
    "name": "Eastern Distribution House",
    "parent_godown": "86c058a215cb448b961af2faccd48c05"
  },
  {
    "id": "6ee3a8b9da16409c9867290420d8c0bb",
    "name": "Taylor PLC Warehouse",
    "parent_godown": null
  },
  {
    "id": "f06647c48f514d9d88527212642995dc",
    "name": "Central Stockpile House",
    "parent_godown": "6ee3a8b9da16409c9867290420d8c0bb"
  },
  {
    "id": "0ad9930d7159490597d79507114e1760",
    "name": "Eastern Stockpile House",
    "parent_godown": "6ee3a8b9da16409c9867290420d8c0bb"
  },
  {
    "id": "35b06fb8357f43d08d97da05331228ed",
    "name": "Jones PLC Warehouse",
    "parent_godown": null
  },
  {
    "id": "1a9254da1a894dd6bd4a894f2029f264",
    "name": "Western Stockpile House",
    "parent_godown": "35b06fb8357f43d08d97da05331228ed"
  },
  {
    "id": "cbe2673c224642dcb5268785a24dfcfd",
    "name": "Northern Depot House",
    "parent_godown": "35b06fb8357f43d08d97da05331228ed"
  },
  {
    "id": "e7f0b3f980994405a7cdd48ad4ea9107",
    "name": "Sanders, Mitchell and Fields Warehouse",
    "parent_godown": null
  },
  {
    "id": "73b5bbd7d7614e26be0b22c19f6e23ab",
    "name": "Central Center House",
    "parent_godown": "e7f0b3f980994405a7cdd48ad4ea9107"
  },
  {
    "id": "902301aa653b4eb881a436b51c792df3",
    "name": "Sector 36",
    "parent_godown": "73b5bbd7d7614e26be0b22c19f6e23ab"
  },
  {
    "id": "acbe5d616f9447e4877256ebc9befc2c",
    "name": "Sector 55",
    "parent_godown": "73b5bbd7d7614e26be0b22c19f6e23ab"
  },
  {
    "id": "907f910366a44b22a5e3c776c93d0fb3",
    "name": "Sector 65",
    "parent_godown": "73b5bbd7d7614e26be0b22c19f6e23ab"
  },
  {
    "id": "32be07fef3354f77b98d542d1bc635d5",
    "name": "Southern Storage House",
    "parent_godown": "e7f0b3f980994405a7cdd48ad4ea9107"
  },
  {
    "id": "9e41d8d0b96c4b2dab59a505a889824c",
    "name": "Sector 1",
    "parent_godown": "32be07fef3354f77b98d542d1bc635d5"
  },
  {
    "id": "23ee8cdaacfb4e0db986dc7938cfe5cc",
    "name": "Sector 72",
    "parent_godown": "32be07fef3354f77b98d542d1bc635d5"
  },
  {
    "id": "9752ed3062ee4f84bf41844d9e4e1548",
    "name": "Sector 98",
    "parent_godown": "32be07fef3354f77b98d542d1bc635d5"
  },
  {
    "id": "a3c22992cbb446688e2e9e71ad171dcc",
    "name": "Caldwell-Thomas Warehouse",
    "parent_godown": null
  },
  {
    "id": "3312d3542b454e749b173b28bf27f02a",
    "name": "Northern Center House",
    "parent_godown": "a3c22992cbb446688e2e9e71ad171dcc"
  },
  {
    "id": "f26b70d0b0ee4c249f9f675105ebb9b4",
    "name": "Sector 90",
    "parent_godown": "3312d3542b454e749b173b28bf27f02a"
  },
  {
    "id": "a47001c345f043278465a6be6fcaaf4c",
    "name": "Zone 71",
    "parent_godown": "f26b70d0b0ee4c249f9f675105ebb9b4"
  },
  {
    "id": "fcdc230f9f43400387b4e892c6a789b3",
    "name": "Zone 71",
    "parent_godown": "f26b70d0b0ee4c249f9f675105ebb9b4"
  },
  {
    "id": "b578a2be2f9f4418bf8b1acd89a915da",
    "name": "Sector 43",
    "parent_godown": "3312d3542b454e749b173b28bf27f02a"
  },
  {
    "id": "81c7d673ef4e46a68358efd982bc3c86",
    "name": "Zone 31",
    "parent_godown": "b578a2be2f9f4418bf8b1acd89a915da"
  },
  {
    "id": "690059f3d2d4441a98638d4557dd9ab6",
    "name": "Zone 29",
    "parent_godown": "b578a2be2f9f4418bf8b1acd89a915da"
  },
  {
    "id": "a0cd3c749fa04bc09933c804bc12fdfd",
    "name": "Zone 5",
    "parent_godown": "b578a2be2f9f4418bf8b1acd89a915da"
  },
  {
    "id": "e498eb4302bd4f55970fde67b5d7c275",
    "name": "Northern Storage House",
    "parent_godown": "a3c22992cbb446688e2e9e71ad171dcc"
  },
  {
    "id": "05871c8ec88642e581d5615f067347ef",
    "name": "Sector 50",
    "parent_godown": "e498eb4302bd4f55970fde67b5d7c275"
  },
  {
    "id": "8e39943c765c41d2bde19f5dabb49c96",
    "name": "Zone 76",
    "parent_godown": "05871c8ec88642e581d5615f067347ef"
  },
  {
    "id": "a005447265414455a504674905627e86",
    "name": "Zone 73",
    "parent_godown": "05871c8ec88642e581d5615f067347ef"
  },
  {
    "id": "ce967fca5780421184760edde5ac7a6d",
    "name": "Zone 50",
    "parent_godown": "05871c8ec88642e581d5615f067347ef"
  },
  {
    "id": "47ca2a2be637433782df0d83b69fb561",
    "name": "Sector 94",
    "parent_godown": "e498eb4302bd4f55970fde67b5d7c275"
  },
  {
    "id": "6cc61011ecdd48cf8cd002c13087006c",
    "name": "Zone 82",
    "parent_godown": "47ca2a2be637433782df0d83b69fb561"
  },
  {
    "id": "f0afd04fe56544309b12334be3221a23",
    "name": "Zone 79",
    "parent_godown": "47ca2a2be637433782df0d83b69fb561"
  },
  {
    "id": "58bdc21f6d094d80964410d8fc8979c2",
    "name": "Zone 9",
    "parent_godown": "47ca2a2be637433782df0d83b69fb561"
  },
  {
    "id": "93f1b7ca9b2946fdbff2d814a4cad501",
    "name": "Central Storage House",
    "parent_godown": "a3c22992cbb446688e2e9e71ad171dcc"
  },
  {
    "id": "84d7ac2bab5d4f0c83bd00ca44400d0c",
    "name": "Sector 9",
    "parent_godown": "93f1b7ca9b2946fdbff2d814a4cad501"
  },
  {
    "id": "d37798211dd04f6eb2879f9e64c41bd7",
    "name": "Zone 51",
    "parent_godown": "84d7ac2bab5d4f0c83bd00ca44400d0c"
  },
  {
    "id": "f671c4c05efc4fcd93d9ad6723f1205b",
    "name": "Zone 96",
    "parent_godown": "84d7ac2bab5d4f0c83bd00ca44400d0c"
  },
  {
    "id": "b27350c72c48461496a0f7b6d0f21d18",
    "name": "Zone 71",
    "parent_godown": "84d7ac2bab5d4f0c83bd00ca44400d0c"
  },
  {
    "id": "8140eaa4916743d6bed4cbb22d44da53",
    "name": "Sector 93",
    "parent_godown": "93f1b7ca9b2946fdbff2d814a4cad501"
  },
  {
    "id": "cab82bed2ceb4339b3b2b7c48ffcf4ed",
    "name": "Zone 47",
    "parent_godown": "8140eaa4916743d6bed4cbb22d44da53"
  },
  {
    "id": "91fad1d8e2cd40adacd932dc6610dc45",
    "name": "Zone 41",
    "parent_godown": "8140eaa4916743d6bed4cbb22d44da53"
  },
  {
    "id": "0b753b1bba354f6084a717e1f5970a51",
    "name": "Zone 7",
    "parent_godown": "8140eaa4916743d6bed4cbb22d44da53"
  },
  {
    "id": "1645d63c4dbb4e77b5d699fac39498a0",
    "name": "Sector 34",
    "parent_godown": "93f1b7ca9b2946fdbff2d814a4cad501"
  },
  {
    "id": "c148f2bff8e3473b99e07d0bb1c0b91a",
    "name": "Zone 7",
    "parent_godown": "1645d63c4dbb4e77b5d699fac39498a0"
  },
  {
    "id": "e9c3a552493e4c0995937029b4fe1ce7",
    "name": "Zone 21",
    "parent_godown": "1645d63c4dbb4e77b5d699fac39498a0"
  },
  {
    "id": "a34756e01e944efbb779574ee5dd7586",
    "name": "Zone 14",
    "parent_godown": "1645d63c4dbb4e77b5d699fac39498a0"
  },
  {
    "id": "20a653b68fd34523a80ed3d3314d35ed",
    "name": "Sanchez and Sons Warehouse",
    "parent_godown": null
  },
  {
    "id": "86d333fd5b75419aa1879e8e5e2cf931",
    "name": "Eastern Distribution House",
    "parent_godown": "20a653b68fd34523a80ed3d3314d35ed"
  },
  {
    "id": "7a6add821b0d47ed9631765f6d619b74",
    "name": "Southern Center House",
    "parent_godown": "20a653b68fd34523a80ed3d3314d35ed"
  },
  {
    "id": "9b4b09c0870340e2848a73d23bbe0e66",
    "name": "Eastern Storage House",
    "parent_godown": "20a653b68fd34523a80ed3d3314d35ed"
  },
  {
    "id": "c532106b862a4e9f9c8e47b4a83031ae",
    "name": "Foster Inc Warehouse",
    "parent_godown": null
  },
  {
    "id": "18898f510ab147f4b58d5ca8e1ca67fd",
    "name": "Central Depot House",
    "parent_godown": "c532106b862a4e9f9c8e47b4a83031ae"
  },
  {
    "id": "b0af8f593a754dad8887886067b5574f",
    "name": "Sector 35",
    "parent_godown": "18898f510ab147f4b58d5ca8e1ca67fd"
  },
  {
    "id": "06dde5d120d64b8b9987bfba130248f4",
    "name": "Sector 51",
    "parent_godown": "18898f510ab147f4b58d5ca8e1ca67fd"
  },
  {
    "id": "41d346e742d34430bc48487d87b0065e",
    "name": "Sector 65",
    "parent_godown": "18898f510ab147f4b58d5ca8e1ca67fd"
  },
  {
    "id": "438a31fabfb64bc0b81dc6e6fd720df8",
    "name": "Eastern Storage House",
    "parent_godown": "c532106b862a4e9f9c8e47b4a83031ae"
  },
  {
    "id": "2f87d79a535b44bc9eb94ed8f6e4b4e7",
    "name": "Sector 46",
    "parent_godown": "438a31fabfb64bc0b81dc6e6fd720df8"
  },
  {
    "id": "15592687e3e542ec8461ebb3f5adce72",
    "name": "Sector 28",
    "parent_godown": "438a31fabfb64bc0b81dc6e6fd720df8"
  },
  {
    "id": "053f7952bd374ff09704fccd11ca3949",
    "name": "Sector 99",
    "parent_godown": "438a31fabfb64bc0b81dc6e6fd720df8"
  },
  {
    "id": "cf46ac14da30428694619096ce991a2b",
    "name": "Davis-Stewart Warehouse",
    "parent_godown": null
  },
  {
    "id": "50e36e83546f4530b6c8c6819ff2bf87",
    "name": "Northern Storage House",
    "parent_godown": "cf46ac14da30428694619096ce991a2b"
  },
  {
    "id": "457f8d1571e6465f85dd3ade042f8722",
    "name": "Sector 39",
    "parent_godown": "50e36e83546f4530b6c8c6819ff2bf87"
  },
  {
    "id": "1ce4d6ce325345e9bea49a53c92e3fa6",
    "name": "Zone 71",
    "parent_godown": "457f8d1571e6465f85dd3ade042f8722"
  },
  {
    "id": "8b6bf4c85239494ab6dc54c59811fe62",
    "name": "Zone 40",
    "parent_godown": "457f8d1571e6465f85dd3ade042f8722"
  },
  {
    "id": "5926e0a3711a49c991c4ac5b532c76ef",
    "name": "Zone 77",
    "parent_godown": "457f8d1571e6465f85dd3ade042f8722"
  },
  {
    "id": "68c3e94502ef43bc95714738e42d3aff",
    "name": "Sector 17",
    "parent_godown": "50e36e83546f4530b6c8c6819ff2bf87"
  },
  {
    "id": "c4862f97ac614f36b84a3111cbf6a967",
    "name": "Zone 87",
    "parent_godown": "68c3e94502ef43bc95714738e42d3aff"
  },
  {
    "id": "03d602ed57bb42469c8edf97d1cfd4dd",
    "name": "Zone 97",
    "parent_godown": "68c3e94502ef43bc95714738e42d3aff"
  },
  {
    "id": "9d1e1669da81441e9e2ac5b24b5c18b2",
    "name": "Zone 19",
    "parent_godown": "68c3e94502ef43bc95714738e42d3aff"
  },
  {
    "id": "798249531b8b47d2b713454413cf3853",
    "name": "Central Storage House",
    "parent_godown": "cf46ac14da30428694619096ce991a2b"
  },
  {
    "id": "99454ac5070744b28c086e559cd052c2",
    "name": "Sector 8",
    "parent_godown": "798249531b8b47d2b713454413cf3853"
  },
  {
    "id": "ca31f00a75dc454b9a7512554eafef50",
    "name": "Zone 49",
    "parent_godown": "99454ac5070744b28c086e559cd052c2"
  },
  {
    "id": "c5cf3b329d3347c68c6c26fbb04fce84",
    "name": "Zone 43",
    "parent_godown": "99454ac5070744b28c086e559cd052c2"
  },
  {
    "id": "2d1323530fbb421896645f498ea809e2",
    "name": "Zone 91",
    "parent_godown": "99454ac5070744b28c086e559cd052c2"
  },
  {
    "id": "ced73ead27eb46f0affe3d744e3d3012",
    "name": "Sector 30",
    "parent_godown": "798249531b8b47d2b713454413cf3853"
  },
  {
    "id": "1309a3b4ab1d493ba034e78ba9a50979",
    "name": "Zone 61",
    "parent_godown": "ced73ead27eb46f0affe3d744e3d3012"
  },
  {
    "id": "9d88ea2f40b0446e9ec0bafaa1ec7aa5",
    "name": "Zone 49",
    "parent_godown": "ced73ead27eb46f0affe3d744e3d3012"
  },
  {
    "id": "2515ec535a814ec086a0286a2009b2a0",
    "name": "Zone 59",
    "parent_godown": "ced73ead27eb46f0affe3d744e3d3012"
  }
]